ID,GL名,URL,CSV記載日,Web検知日,確認日時,出版社,内容,検知日
2.0,"頭頸部癌診療ガイドライン2022年版
口腔癌診療ガイドライン2023年版",https://ganjoho.jp/public/cancer/tongue/index.html,2024年06月18日,2021年07月01日,2026-02-04,,,
3.0,"甲状腺腫瘍診療ガイドライン 2018年版
頭頸部癌診療ガイドライン2022年版",https://ganjoho.jp/public/cancer/thyroid/index.html,2023年12月26日,2021年07月01日,2026-02-04,,,
4.0,"胃癌治療ガイドライン医師用　2025年3月改訂【第7版】
患者さんのための胃がん治療ガイドライン2023年版",https://ganjoho.jp/public/cancer/stomach/index.html,2022年08月03日,2021年07月01日,2026-02-04,,,
5.0,腎盂・尿管癌診療ガイドライン　2023年版,https://ganjoho.jp/public/cancer/renal_pelvis/index.html,2024年05月14日,2024年04月08日,2026-02-04,,,
6.0,腎癌診療ガイドライン　2017年版,https://ganjoho.jp/public/cancer/renal_cell/index.html,2023年06月27日,2021年07月01日,2026-02-04,,,
7.0,"前立腺癌診療ガイドライン　2023年版
ED診療ガイドライン［第3版］",https://ganjoho.jp/public/cancer/prostate/index.html,2024年09月13日,2021年07月01日,2026-02-04,,,
8.0,膵癌診療ガイドライン2022年版,https://ganjoho.jp/public/cancer/pancreas/index.html,2023年03月14日,2021年07月01日,2026-02-04,,,
9.0,"卵巣がん・卵管癌・腹膜癌治療ガイドライン2020年版
患者さんとご家族のための子宮頸がん・子宮体がん・卵巣がん治療ガイドライン",https://ganjoho.jp/public/cancer/ovary/index.html,2023年07月13日,2021年07月01日,2026-02-04,,,
10.0,頭頸部癌診療ガイドライン 2025年版,https://ganjoho.jp/public/cancer/nasopharynx/index.html,2023年05月16日,2021年07月01日,2026-02-04,,,
11.0,"頭頸部癌診療ガイドライン　2022年版
放射線治療計画ガイドライン2024年版　第6版",https://ganjoho.jp/public/cancer/mesopharynx/index.html,2023年05月16日,2021年07月01日,2026-02-04,,,
12.0,肺癌診療ガイドライン　悪性胸膜中皮腫・胸腺腫瘍含む　2024年版,https://ganjoho.jp/public/cancer/lung/index.html,2024年06月04日,2021年07月01日,2026-02-04,,,
13.0,"肝癌診療ガイドライン2021年版　第5版
肝内胆管癌診療ガイドライン2021年版",https://ganjoho.jp/public/cancer/liver/index.html,2023年11月20日,2021年07月01日,2026-02-04,,,
14.0,頭頸部癌診療ガイドライン2022年版,https://ganjoho.jp/public/cancer/larynx/index.html,2023年10月26日,2021年07月01日,2026-02-04,,,
15.0,頭頸部癌診療ガイドライン2022年版,https://ganjoho.jp/public/cancer/hypopharynx/index.html,2023年05月16日,2021年07月01日,2026-02-04,,,
16.0,脳腫瘍診療ガイドライン　成人脳腫瘍編2024年版,https://ganjoho.jp/public/cancer/glioma/index.html,2023年11月27日,2021年07月01日,2026-02-04,,,
17.0,食道癌診療ガイドライン　2022年版,https://ganjoho.jp/public/cancer/esophagus/index.html,2023年11月20日,2021年07月01日,2026-02-04,,,
18.0,"子宮体がん治療ガイドライン2023年版
患者さんとご家族のための子宮頸がん・子宮体がん・卵巣がん治療ガイドライン　第3版",https://ganjoho.jp/public/cancer/corpus_uteri/index.html,2024年02月05日,2021年07月01日,2026-02-04,,,
19.0,"大腸癌治療ガイドライン　医師用　2024年版
遺伝性大腸癌診療ガイドライン 2024年版
患者さんのための大腸癌治療ガイドライン　2022年版",https://ganjoho.jp/public/cancer/colon/index.html,2025年03月24日,2021年07月01日,2026-02-04,,,
20.0,"子宮頸癌治療ガイドライン 2022年版
患者さんとご家族のための子宮頸がん・子宮体がん・卵巣がん治療ガイドライン",https://ganjoho.jp/public/cancer/cervix_uteri/index.html,2023年07月13日,2021年07月01日,2026-02-04,,,
21.0,"乳癌診療ガイドライン①治療編2022年版
乳癌診療ガイドライン②疫学・診断編2022年版
患者さんのための乳がん診療ガイドライン2023年版",https://ganjoho.jp/public/cancer/breast/index.html,2023年08月01日,2021年07月01日,2026-02-04,,,
22.0,脳腫瘍診療ガイドライン　1．成人脳腫瘍編・2．小児脳腫瘍編　2019年版,https://ganjoho.jp/public/cancer/brain_adult/index.html,2023年07月25日,2021年07月01日,2026-02-04,,,
23.0,膀胱癌診療ガイドライン　2019年版［増補版］,https://ganjoho.jp/public/cancer/bladder/index.html,2024年07月10日,2021年07月01日,2026-02-04,,,
25.0,造血器腫瘍診療ガイドライン　2023年版,https://ganjoho.jp/public/cancer/MM/index.html,2023年12月06日,2015年05月26日,2026-02-04,,,
26.0,造血器腫瘍診療ガイドライン2023年版,https://ganjoho.jp/public/cancer/ML/index.html,2023年11月28日,2006年10月19日,2026-02-04,,,
27.0,造血器腫瘍診療ガイドライン2023年版,https://ganjoho.jp/public/cancer/MDS/index.html,2023年12月06日,2006年10月10日,2026-02-04,,,
28.0,造血器腫瘍診療ガイドライン　2023年版,https://ganjoho.jp/public/cancer/Hodgkin_lymphoma/index.html,2023年12月06日,2006年10月01日,2026-02-04,,,
29.0,造血器腫瘍診療ガイドライン2023年版,https://ganjoho.jp/public/cancer/follicular_lymphoma/index.html,2023年12月06日,2021年07月01日,2026-02-04,,,
30.0,造血器腫瘍診療ガイドライン2023年版,https://ganjoho.jp/public/cancer/DLBCL/index.html,2023年11月28日,2021年07月01日,2026-02-04,,,
42.0,造血器腫瘍診療ガイドライン2023年版,https://ganjoho.jp/public/cancer/T_NK_lymphoma/index.html,2023年12月18日,2021年07月01日,2026-02-04,,,
31.0,造血器腫瘍診療ガイドライン2023年版,https://ganjoho.jp/public/cancer/CML/index.html,2023年12月06日,2006年10月01日,2026-02-04,,,
32.0,造血器腫瘍診療ガイドライン2023年版,https://ganjoho.jp/public/cancer/CLL/index.html,2023年12月18日,2006年10月01日,2026-02-04,,,
33.0,造血器腫瘍診療ガイドライン2023年版,https://ganjoho.jp/public/cancer/B_lymphoma/index.html,2023年12月06日,2021年07月01日,2026-02-04,,,
34.0,造血器腫瘍診療ガイドライン2023年版,https://ganjoho.jp/public/cancer/ATL/index.html,2023年11月28日,2006年10月01日,2026-02-04,,,
35.0,造血器腫瘍診療ガイドライン2023年版,https://ganjoho.jp/public/cancer/AML/index.html,2023年12月06日,2006年10月01日,2026-02-04,,,
36.0,造血器腫瘍診療ガイドライン2023年版,https://ganjoho.jp/public/cancer/ALL/index.html,2023年12月18日,2006年10月01日,2026-02-04,,,
37.0,参考資料記載なし,https://ganjoho.jp/public/cancer/vagina/index.html,2024年10月21日,1996年10月16日,2026-02-04,,,
38.0,参考資料記載なし,https://ganjoho.jp/public/cancer/uterine_sarcoma/index.html,2024年10月21日,2020年02月03日,2026-02-04,,,
39.0,参考資料記載なし,https://ganjoho.jp/public/cancer/urachal_cancer/index.html,2024年11月01日,2019年07月17日,2026-02-04,,,
40.0,参考資料記載なし,https://ganjoho.jp/public/cancer/unknown/index.html,2024年11月06日,1996年06月24日,2026-02-04,,,
41.0,参考資料記載なし,https://ganjoho.jp/public/cancer/thymoma/index.html,2024年07月05日,1996年04月10日,2026-02-04,,,
43.0,皮膚悪性腫瘍診療ガイドライン第3版,https://ganjoho.jp/public/cancer/squamous/index.html,2023年06月07日,1996年09月13日,2026-02-04,,,
44.0,参考資料記載なし,https://ganjoho.jp/public/cancer/soft_tissue_adult/index.html,2024年09月02日,1997年04月01日,2026-02-04,,,
45.0,参考資料記載なし,https://ganjoho.jp/public/cancer/smarca4/index.html,2024年07月05日,2020年12月08日,2026-02-04,,,
46.0,参考資料記載なし,https://ganjoho.jp/public/cancer/small_intestine_cancer/index.html,2024年07月30日,2019年04月25日,2026-02-04,,,
47.0,皮膚悪性腫瘍診療ガイドライン第3版,https://ganjoho.jp/public/cancer/skin_lymphoma/index.html,2023年08月07日,2006年10月01日,2026-02-04,,,
48.0,参考資料記載なし,https://ganjoho.jp/public/cancer/sarcoma_in_the_trunk/index.html,2024年09月02日,2020年02月03日,2026-02-04,,,
49.0,参考資料記載なし,https://ganjoho.jp/public/cancer/sarcoma/index.html,2024年08月02日,2020年02月17日,2026-02-04,,,
50.0,参考資料記載なし,https://ganjoho.jp/public/cancer/retroperitoneal_sarcoma/index.html,2024年09月19日,2020年02月03日,2026-02-04,,,
51.0,参考資料記載なし,https://ganjoho.jp/public/cancer/pulmonary_neuroendocrine_tumor/index.html,2024年07月05日,2020年10月14日,2026-02-04,,,
52.0,参考資料記載なし,https://ganjoho.jp/public/cancer/pleural_mesothelioma/index.html,2024年07月05日,2019年05月09日,2026-02-04,,,
53.0,参考資料記載なし,https://ganjoho.jp/public/cancer/pheochromocytoma/index.html,2024年11月01日,2021年01月27日,2026-02-04,,,
54.0,参考資料記載なし,https://ganjoho.jp/public/cancer/peritoneal_mesothelioma/index.html,2024年11月01日,2019年05月09日,2026-02-04,,,
55.0,参考資料記載なし,https://ganjoho.jp/public/cancer/peritoneal_cancer/index.html,2024年11月14日,2019年07月17日,2026-02-04,,,
56.0,参考資料記載なし,https://ganjoho.jp/public/cancer/paraganguriouma/index.html,2024年11月06日,2021年01月27日,2026-02-04,,,
57.0,参考資料記載なし,https://ganjoho.jp/public/cancer/oral/index.html,2024年06月19日,2020年12月08日,2026-02-04,,,
58.0,参考資料記載なし,https://ganjoho.jp/public/cancer/olfactory_neuroblastoma/index.html,2024年06月19日,2019年07月17日,2026-02-04,,,
59.0,参考資料記載なし,https://ganjoho.jp/public/cancer/net/index.html,2024年09月19日,2019年05月09日,2026-02-04,,,
60.0,参考資料記載なし,https://ganjoho.jp/public/cancer/nen/index.html,2024年09月19日,2019年05月09日,2026-02-04,,,
61.0,参考資料記載なし,https://ganjoho.jp/public/cancer/nec/index.html,2024年09月19日,2019年05月09日,2026-02-04,,,
62.0,皮膚悪性腫瘍診療ガイドライン第3版,https://ganjoho.jp/public/cancer/melanoma/index.html,2023年06月07日,1996年04月02日,2026-02-04,,,
63.0,"遺伝性大腸癌診療ガイドライン　2024年版
遺伝性乳癌卵巣癌（HBOC）診療ガイドライン　2024年版
膵・消化管神経内分泌腫瘍（NEN）診療ガイドライン　2019年【第2版】
小児がん診療ガイドライン　2016年版
褐色細胞腫・パラガングリオーマ診療ガイドライン2018",https://ganjoho.jp/public/cancer/hereditary_tumors/index.html,2024年09月17日,2006年10月01日,2026-02-04,,,
64.0,参考資料記載なし,https://ganjoho.jp/public/cancer/head_and_neck_sarcoma/index.html,2024年06月19日,2020年02月03日,2026-02-04,,,
65.0,参考資料記載なし,https://ganjoho.jp/public/cancer/gist/index.html,2024年07月16日,2012年10月02日,2026-02-04,,,
66.0,参考資料記載なし,https://ganjoho.jp/public/cancer/germ_cell_tumor/index.html,2024年11月14日,2020年06月11日,2026-02-04,,,
67.0,参考資料記載なし,https://ganjoho.jp/public/cancer/eye_tumor/index.html,2024年06月26日,2020年06月11日,2026-02-04,,,
68.0,参考資料記載なし,https://ganjoho.jp/public/cancer/desmoid_tumor/index.html,2024年09月02日,2020年12月08日,2026-02-04,,,
69.0,参考資料記載なし,https://ganjoho.jp/public/cancer/cardiac_sarcoma/index.html,2024年11月14日,2021年04月28日,2026-02-04,,,
70.0,皮膚悪性腫瘍診療ガイドライン第3版,https://ganjoho.jp/public/cancer/basal/index.html,2023年06月07日,1996年09月13日,2026-02-04,,,
71.0,参考資料記載なし,https://ganjoho.jp/public/cancer/auditoryorgan_cancer/index.html,2024年06月20日,2019年07月17日,2026-02-04,,,
72.0,参考資料記載なし,https://ganjoho.jp/public/cancer/analcancer/index.html,2024年09月03日,2021年09月13日,2026-02-04,,,
73.0,参考資料記載なし,https://ganjoho.jp/public/cancer/adrenal_cancer/index.html,2024年11月06日,2019年04月25日,2026-02-04,,,
74.0,参考資料記載なし,https://ganjoho.jp/public/cancer/adenoid_cystic_cancer/index.html,2024年06月19日,2019年07月17日,2026-02-04,,,
75.0,"小児がん診療ガイドライン　2016年版
軟部腫瘍診療ガイドライン2020",https://ganjoho.jp/public/cancer/soft_tissue_sarcoma/index.html,2022年11月08日,2014年04月22日,2026-02-04,,,
76.0,小児がん診療ガイドライン　2016年版,https://ganjoho.jp/public/cancer/rhabdomyosarcoma/index.html,2023年07月26日,2021年07月01日,2026-02-04,,,
77.0,小児がん診療ガイドライン 2016年版,https://ganjoho.jp/public/cancer/retinoblastoma/index.html,2023年07月26日,2014年04月22日,2026-02-04,,,
78.0,"小児がん診療ガイドライン　2016年版
原発性悪性骨腫瘍診療ガイドライン2022",https://ganjoho.jp/public/cancer/osteosarcoma/index.html,2022年09月30日,2014年04月22日,2026-02-04,,,
79.0,小児がん診療ガイドライン　2016年版,https://ganjoho.jp/public/cancer/neuroblastoma/index.html,2023年02月03日,2021年07月01日,2026-02-04,,,
80.0,小児白血病・リンパ腫診療ガイドライン　2016年版,https://ganjoho.jp/public/cancer/malignant_lymphoma/index.html,2023年07月26日,2021年07月01日,2026-02-04,,,
81.0,小児がん診療ガイドライン　2016年版,https://ganjoho.jp/public/cancer/liver_tumor/index.html,2023年07月26日,2014年04月22日,2026-02-04,,,
82.0,小児白血病・リンパ腫診療ガイドライン　2016年版　第3版,https://ganjoho.jp/public/cancer/leukemia/index.html,2023年02月03日,2021年07月01日,2026-02-04,,,
83.0,小児がん診療ガイドライン 2016年版,https://ganjoho.jp/public/cancer/kidney_tumor/index.html,2023年07月26日,2014年04月22日,2026-02-04,,,
84.0,小児がん診療ガイドライン　2016年版,https://ganjoho.jp/public/cancer/germ_cell_tumor_child/index.html,2023年02月03日,2014年04月22日,2026-02-04,,,
85.0,"小児がん診療ガイドライン　2016年版
原発性悪性骨腫瘍診療ガイドライン2022",https://ganjoho.jp/public/cancer/Ewing_sarcoma/index.html,2022年11月04日,2014年04月22日,2026-02-04,,,
86.0,脳腫瘍診療ガイドライン　小児腫瘍編　2022年版,https://ganjoho.jp/public/cancer/brain_tumor/index.html,2023年07月26日,2021年07月01日,2026-02-04,,,
87.0,参考資料記載なし,https://ganjoho.jp/public/cancer/mesothelioma/index.html,2024年07月05日,2019年05月09日,2026-02-04,,,
88.0,参考資料記載なし,https://ganjoho.jp/public/cancer/class_skin/index.html,2024年09月19日,2017年08月21日,2026-02-04,,,
89.0,参考資料記載なし,https://ganjoho.jp/public/cancer/class_pharynx/index.html,2024年05月14日,2018年03月16日,2026-02-04,,,
90.0,参考資料記載なし,https://ganjoho.jp/public/cancer/class_leukemia/index.html,2023年11月28日,2017年08月21日,2026-02-04,,,
,,https://igakutosho.co.jp/collections/book,,,,医学図書出版,"前立腺がん検診ガイドライン 2025年版






¥4,200








¥4,200












SOLD OUT






/",2026-02-04
,,https://igakutosho.co.jp/collections/book,,,,医学図書出版,"尿路結石症診療ガイドライン 第3版






¥3,850








¥3,850












SOLD OUT






/",2026-02-04
,,https://igakutosho.co.jp/collections/book,,,,医学図書出版,"膀胱癌診療ガイドライン2019 年版［増補版］






¥4,180








¥4,180












SOLD OUT






/",2026-02-04
,,https://igakutosho.co.jp/collections/book,,,,医学図書出版,尿路結石症診療ガイドライン 第3版,2026-02-04
,,https://igakutosho.co.jp/collections/book,,,,医学図書出版,エビデンスに基づいた　胆道癌診療ガイドライン　改訂第4版,2026-02-04
,,https://igakutosho.co.jp/collections/book,,,,医学図書出版,"腎盂・尿管癌診療ガイドライン 2023年版






¥3,850








¥3,850












SOLD OUT






/",2026-02-04
,,https://igakutosho.co.jp/collections/book,,,,医学図書出版,膵・胆管合流異常／先天性胆道拡張症診療ガイドライン　改訂第2版,2026-02-04
,,https://igakutosho.co.jp/collections/book,,,,医学図書出版,泌尿器科領域における周術期感染予防ガイドライン2023,2026-02-04
,,https://igakutosho.co.jp/collections/book,,,,医学図書出版,腎盂・尿管癌診療ガイドライン 2023年版,2026-02-04
,,https://igakutosho.co.jp/collections/book,,,,医学図書出版,"エビデンスに基づいた　胆道癌診療ガイドライン　改訂第4版






¥4,950








¥4,950












SOLD OUT






/",2026-02-04
,,https://igakutosho.co.jp/collections/book,,,,医学図書出版,尿道狭窄症診療ガイドライン2024 年版,2026-02-04
,,https://igakutosho.co.jp/collections/book,,,,医学図書出版,膀胱癌診療ガイドライン2019 年版［増補版］,2026-02-04
,,https://igakutosho.co.jp/collections/book,,,,医学図書出版,前立腺がん検診ガイドライン 2025年版,2026-02-04
,,https://igakutosho.co.jp/collections/book,,,,医学図書出版,"尿道狭窄症診療ガイドライン2024 年版






¥4,180








¥4,180












SOLD OUT






/",2026-02-04
,,https://igakutosho.co.jp/collections/book,,,,医学図書出版,"膵・胆管合流異常／先天性胆道拡張症診療ガイドライン　改訂第2版






¥4,180








¥4,180












SOLD OUT






/",2026-02-04
,,https://igakutosho.co.jp/collections/book,,,,医学図書出版,"泌尿器科領域における周術期感染予防ガイドライン2023






¥4,180








¥4,180












SOLD OUT






/",2026-02-04
,,https://med.m-review.co.jp/merebo/products/book,,,,メディカルレビュー社,男性性機能障害診療ガイドライン2025年版,2026-02-04
,,https://med.m-review.co.jp/merebo/products/book,,,,メディカルレビュー社,ガイドライン,2026-02-04
,,https://www.shindan.co.jp/,,,,診断と治療社,"自己炎症性疾患診療ガイドライン2026
2025年12月発売",2026-02-04
,,https://www.shindan.co.jp/,,,,診断と治療社,性感染症 診断・治療ガイドライン2026,2026-02-04
,,https://www.shindan.co.jp/,,,,診断と治療社,自己炎症性疾患診療ガイドライン2026,2026-02-04
,,https://www.shindan.co.jp/,,,,診断と治療社,"性感染症 診断・治療ガイドライン2026
2025年12月発売",2026-02-04
,,https://www.nankodo.co.jp/shinkan/list.aspx?div=d,,,,南江堂,日本整形外科学会診療ガイドライン,2026-02-04
,,https://www.nankodo.co.jp/shinkan/list.aspx?div=d,,,,南江堂,日本大腸肛門病学会診療ガイドライン,2026-02-04
,,https://www.nankodo.co.jp/shinkan/list.aspx?div=d,,,,南江堂,日本消化器病学会診療ガイドライン,2026-02-04
,,https://www.nankodo.co.jp/shinkan/list.aspx?div=d,,,,南江堂,日本神経学会診療ガイドライン,2026-02-04
,,https://www.nankodo.co.jp/shinkan/list.aspx?div=d,,,,南江堂,PICOから始める健康ガイドラインの作りかた,2026-02-04
,,https://www.nankodo.co.jp/shinkan/list.aspx?div=d,,,,南江堂,ガイドライン,2026-02-04
,,https://www.nankodo.co.jp/shinkan/list.aspx?div=d,,,,南江堂,HTLV-1関連脊髄症（HAM）診療ガイドライン2025,2026-02-04
,,https://www.igaku-shoin.co.jp/,,,,医学書院,今日の治療指針,2026-02-04
,,https://www.igaku-shoin.co.jp/,,,,医学書院,『今日の治療指針』『治療薬マニュアル』購入者限定Webセミナー令和時代の診療アップデート法,2026-02-04
,,https://www.igaku-shoin.co.jp/,,,,医学書院,"理学療法ジャーナルVol.60 No.2
特集　変形性股関節症　最新ガイドラインでADL・QOL向上をめざす
定価 2,090円 (税込)



医学
リハ・臨床検査他",2026-02-04
,,https://www.igaku-shoin.co.jp/,,,,医学書院,"『今日の治療指針』『治療薬マニュアル』購入者限定Webセミナー令和時代の診療アップデート法


医学

2024.12.19


医学生
研修医
専攻医
専門医・指導医
薬学・薬
治療指針",2026-02-04
,,https://www.kanehara-shuppan.co.jp/books/search_list.html?d=08&c=02,,,,金原出版(GL),"がん医療におけるこころのケアガイドラインシリーズ 1
がん患者におけるせん妄ガイドライン 2025年版　第3版",2026-02-04
,,https://www.kanehara-shuppan.co.jp/books/search_list.html?d=08&c=02,,,,金原出版(GL),卵巣がん・卵管癌・腹膜癌治療ガイドライン 2025年版,2026-02-04
,,https://www.kanehara-shuppan.co.jp/books/search_list.html?d=08&c=02,,,,金原出版(GL),膵癌診療ガイドライン 2025年版　第7版,2026-02-04
,,https://www.kanehara-shuppan.co.jp/books/search_list.html?d=08&c=02,,,,金原出版(GL),"全身性強皮症診療ガイドライン 2025年版


編集）厚労科研 強皮症研究班 ほか
ISBN:978-4-307-40062-6",2026-02-04
,,https://www.kanehara-shuppan.co.jp/books/search_list.html?d=08&c=02,,,,金原出版(GL),メニエール病・遅発性内リンパ水腫診療ガイドライン 2025年版,2026-02-04
,,https://www.kanehara-shuppan.co.jp/books/search_list.html?d=08&c=02,,,,金原出版(GL),小児・AYA世代がん患者等の妊孕性温存に関する診療ガイドライン 2024年12月改訂　第2版,2026-02-04
,,https://www.kanehara-shuppan.co.jp/books/search_list.html?d=08&c=02,,,,金原出版(GL),強度変調粒子線治療ガイドライン 2026年版,2026-02-04
,,https://www.kanehara-shuppan.co.jp/books/search_list.html?d=08&c=02,,,,金原出版(GL),"膵・消化管神経内分泌腫瘍（NEN）診療ガイドライン 2026年 【第3版】


編集) 日本神経内分泌腫瘍研究会（JNETS）
ISBN:978-4-307-20498-9",2026-02-04
,,https://www.kanehara-shuppan.co.jp/books/search_list.html?d=08&c=02,,,,金原出版(GL),"十二指腸癌診療ガイドライン 2025年版　第2版


編集) 十二指腸癌診療ガイドライン作成委員会
ISBN:978-4-307-20497-2",2026-02-04
,,https://www.kanehara-shuppan.co.jp/books/search_list.html?d=08&c=02,,,,金原出版(GL),小児がん（血液腫瘍・固形腫瘍）診療ガイドライン 2026年版,2026-02-04
,,https://www.kanehara-shuppan.co.jp/books/search_list.html?d=08&c=02,,,,金原出版(GL),ホルモン補充療法ガイドライン 2025年度版,2026-02-04
,,https://www.kanehara-shuppan.co.jp/books/search_list.html?d=08&c=02,,,,金原出版(GL),"卵巣がん・卵管癌・腹膜癌治療ガイドライン 2025年版


編集) 日本婦人科腫瘍学会
ISBN:978-4-307-30159-6",2026-02-04
,,https://www.kanehara-shuppan.co.jp/books/search_list.html?d=08&c=02,,,,金原出版(GL),放射線治療計画ガイドライン 2024年版　第6版,2026-02-04
,,https://www.kanehara-shuppan.co.jp/books/search_list.html?d=08&c=02,,,,金原出版(GL),肝細胞癌診療ガイドライン 2025年版　第6版,2026-02-04
,,https://www.kanehara-shuppan.co.jp/books/search_list.html?d=08&c=02,,,,金原出版(GL),"肝細胞癌診療ガイドライン 2025年版　第6版


編集) 日本肝臓学会
ISBN:978-4-307-20502-3",2026-02-04
,,https://www.kanehara-shuppan.co.jp/books/search_list.html?d=08&c=02,,,,金原出版(GL),"頭頸部癌診療ガイドライン 2025年版


編集) 日本頭頸部癌学会
ISBN:978-4-307-37143-8",2026-02-04
,,https://www.kanehara-shuppan.co.jp/books/search_list.html?d=08&c=02,,,,金原出版(GL),"放射線治療計画ガイドライン 2024年版　第6版


編集) 日本放射線腫瘍学会
ISBN:978-4-307-07131-4",2026-02-04
,,https://www.kanehara-shuppan.co.jp/books/search_list.html?d=08&c=02,,,,金原出版(GL),"死後画像読影ガイドライン 2025年版　第3版


編集) 日本医学放射線学会 / 死後画像読影ガイドライン作成委員会
ISBN:978-4-307-07132-1",2026-02-04
,,https://www.kanehara-shuppan.co.jp/books/search_list.html?d=08&c=02,,,,金原出版(GL),頭頸部癌診療ガイドライン 2025年版,2026-02-04
,,https://www.kanehara-shuppan.co.jp/books/search_list.html?d=08&c=02,,,,金原出版(GL),死後画像読影ガイドライン 2025年版　第3版,2026-02-04
,,https://www.kanehara-shuppan.co.jp/books/search_list.html?d=08&c=02,,,,金原出版(GL),"胃癌治療ガイドライン 医師用 2025年3月改訂　第7版


編集) 日本胃癌学会
ISBN:978-4-307-20487-3",2026-02-04
,,https://www.kanehara-shuppan.co.jp/books/search_list.html?d=08&c=02,,,,金原出版(GL),"ホルモン補充療法ガイドライン 2025年度版


監修編集) 日本女性医学学会後援) 日本産科婦人科学会
ISBN:978-4-307-30158-9",2026-02-04
,,https://www.kanehara-shuppan.co.jp/books/search_list.html?d=08&c=02,,,,金原出版(GL),癌取扱い規約,2026-02-04
,,https://www.kanehara-shuppan.co.jp/books/search_list.html?d=08&c=02,,,,金原出版(GL),"小児がん（血液腫瘍・固形腫瘍）診療ガイドライン 2026年版


編集) 日本小児血液・がん学会
ISBN:978-4-307-17077-2",2026-02-04
,,https://www.kanehara-shuppan.co.jp/books/search_list.html?d=08&c=02,,,,金原出版(GL),膵・消化管神経内分泌腫瘍（NEN）診療ガイドライン 2026年 【第3版】,2026-02-04
,,https://www.kanehara-shuppan.co.jp/books/search_list.html?d=08&c=02,,,,金原出版(GL),胃癌治療ガイドライン 医師用 2025年3月改訂　第7版,2026-02-04
,,https://www.kanehara-shuppan.co.jp/books/search_list.html?d=08&c=02,,,,金原出版(GL),"強度変調粒子線治療ガイドライン 2026年版


編集) 国立がん研究センター研究開発費 秋元班
ISBN:978-4-307-07127-7",2026-02-04
,,https://www.kanehara-shuppan.co.jp/books/search_list.html?d=08&c=02,,,,金原出版(GL),診療ガイドライン,2026-02-04
,,https://www.kanehara-shuppan.co.jp/books/search_list.html?d=08&c=02,,,,金原出版(GL),十二指腸癌診療ガイドライン 2025年版　第2版,2026-02-04
,,https://www.kanehara-shuppan.co.jp/books/search_list.html?d=08&c=02,,,,金原出版(GL),"小児・AYA世代がん患者等の妊孕性温存に関する診療ガイドライン 2024年12月改訂　第2版


編集) 日本癌治療学会
ISBN:978-4-307-30156-5",2026-02-04
,,https://www.kanehara-shuppan.co.jp/books/search_list.html?d=08&c=02,,,,金原出版(GL),"メニエール病・遅発性内リンパ水腫診療ガイドライン 2025年版


編集) 日本めまい平衡医学会
ISBN:978-4-307-37142-1",2026-02-04
,,https://www.kanehara-shuppan.co.jp/books/search_list.html?d=08&c=02,,,,金原出版(GL),全身性強皮症診療ガイドライン 2025年版,2026-02-04
,,https://www.kanehara-shuppan.co.jp/books/search_list.html?d=08&c=02,,,,金原出版(GL),"膵癌診療ガイドライン 2025年版　第7版


編集) 日本膵臓学会膵癌診療ガイドライン改訂委員会
ISBN:978-4-307-20500-9",2026-02-04
,,https://www.kanehara-shuppan.co.jp/books/search_list.html?d=08&c=02,,,,金原出版(GL),高齢者口腔がん治療ガイドライン,2026-02-04
,,https://www.kanehara-shuppan.co.jp/books/search_list.html?d=08&c=02,,,,金原出版(GL),"高齢者口腔がん治療ガイドライン


編集) 日本口腔腫瘍学会
ISBN:978-4-307-37141-4",2026-02-04
,,https://www.kanehara-shuppan.co.jp/books/search_list.html?d=08&c=01,,,,金原出版(規約),"臨床・病理
脳腫瘍取扱い規約　第5版",2026-02-04
,,https://www.kanehara-shuppan.co.jp/books/search_list.html?d=08&c=01,,,,金原出版(規約),小腸癌取扱い規約,2026-02-04
,,https://www.kanehara-shuppan.co.jp/books/search_list.html?d=08&c=01,,,,金原出版(規約),中皮腫瘍取扱い規約　第2版,2026-02-04
,,https://www.kanehara-shuppan.co.jp/books/search_list.html?d=08&c=01,,,,金原出版(規約),"子宮頸癌取扱い規約 病理編　第5版


編集) 日本産科婦人科学会 / 日本病理学会
ISBN:978-4-307-30152-7",2026-02-04
,,https://www.kanehara-shuppan.co.jp/books/search_list.html?d=08&c=01,,,,金原出版(規約),"子宮内膜症取扱い規約 第2部 診療編　第3版


編集) 日本産科婦人科学会
ISBN:978-4-307-30146-6",2026-02-04
,,https://www.kanehara-shuppan.co.jp/books/search_list.html?d=08&c=01,,,,金原出版(規約),"臨床・病理
乳癌取扱い規約　第19版


編集) 日本乳癌学会
ISBN:978-4-307-20472-9",2026-02-04
,,https://www.kanehara-shuppan.co.jp/books/search_list.html?d=08&c=01,,,,金原出版(規約),子宮頸癌取扱い規約 病理編　第5版,2026-02-04
,,https://www.kanehara-shuppan.co.jp/books/search_list.html?d=08&c=01,,,,金原出版(規約),"門脈圧亢進症取扱い規約　第4版


編集) 日本門脈圧亢進症学会
ISBN:978-4-307-20452-1",2026-02-04
,,https://www.kanehara-shuppan.co.jp/books/search_list.html?d=08&c=01,,,,金原出版(規約),"臨床・病理
原発性肝癌取扱い規約　第7版",2026-02-04
,,https://www.kanehara-shuppan.co.jp/books/search_list.html?d=08&c=01,,,,金原出版(規約),"悪性軟部腫瘍取扱い規約　第4版


編集) 日本整形外科学会 / 日本病理学会
ISBN:978-4-307-25167-9",2026-02-04
,,https://www.kanehara-shuppan.co.jp/books/search_list.html?d=08&c=01,,,,金原出版(規約),子宮体癌取扱い規約 病理編　第5版,2026-02-04
,,https://www.kanehara-shuppan.co.jp/books/search_list.html?d=08&c=01,,,,金原出版(規約),"臨床・病理
胆道癌取扱い規約　第7版",2026-02-04
,,https://www.kanehara-shuppan.co.jp/books/search_list.html?d=08&c=01,,,,金原出版(規約),"卵巣腫瘍・卵管癌・腹膜癌取扱い規約 病理編　第2版


編集) 日本産科婦人科学会 / 日本病理学会
ISBN:978-4-307-30153-4",2026-02-04
,,https://www.kanehara-shuppan.co.jp/books/search_list.html?d=08&c=01,,,,金原出版(規約),"小腸癌取扱い規約


編集) 大腸癌研究会
ISBN:978-4-307-20484-2",2026-02-04
,,https://www.kanehara-shuppan.co.jp/books/search_list.html?d=08&c=01,,,,金原出版(規約),卵巣腫瘍・卵管癌・腹膜癌取扱い規約　臨床編　第1版補訂版,2026-02-04
,,https://www.kanehara-shuppan.co.jp/books/search_list.html?d=08&c=01,,,,金原出版(規約),皮膚がん取扱い規約 第3版,2026-02-04
,,https://www.kanehara-shuppan.co.jp/books/search_list.html?d=08&c=01,,,,金原出版(規約),"臨床・病理
肺癌取扱い規約　第9版


編集) 日本肺癌学会
ISBN:978-4-307-20485-9",2026-02-04
,,https://www.kanehara-shuppan.co.jp/books/search_list.html?d=08&c=01,,,,金原出版(規約),門脈圧亢進症取扱い規約　第4版,2026-02-04
,,https://www.kanehara-shuppan.co.jp/books/search_list.html?d=08&c=01,,,,金原出版(規約),"皮膚がん取扱い規約 第3版


編集) 日本皮膚悪性腫瘍学会協力) 日本皮膚病理組織学会
ISBN:978-4-307-40063-3",2026-02-04
,,https://www.kanehara-shuppan.co.jp/books/search_list.html?d=08&c=01,,,,金原出版(規約),"臨床・病理
肺癌取扱い規約　第9版",2026-02-04
,,https://www.kanehara-shuppan.co.jp/books/search_list.html?d=08&c=01,,,,金原出版(規約),肺癌・中皮腫瘍・頭頸部癌・甲状腺癌取扱い規約 抜粋　第5版,2026-02-04
,,https://www.kanehara-shuppan.co.jp/books/search_list.html?d=08&c=01,,,,金原出版(規約),癌取扱い規約抜粋 消化器癌・乳癌　第15版,2026-02-04
,,https://www.kanehara-shuppan.co.jp/books/search_list.html?d=08&c=01,,,,金原出版(規約),"臨床・病理
脳腫瘍取扱い規約　第5版


編集) 日本脳神経外科学会 / 日本病理学会
ISBN:978-4-307-20463-7",2026-02-04
,,https://www.kanehara-shuppan.co.jp/books/search_list.html?d=08&c=01,,,,金原出版(規約),"膵癌取扱い規約　第8版


編集) 日本膵臓学会
ISBN:978-4-307-20473-6",2026-02-04
,,https://www.kanehara-shuppan.co.jp/books/search_list.html?d=08&c=01,,,,金原出版(規約),"癌取扱い規約抜粋 消化器癌・乳癌　第15版


編集) 金原出版編集部
ISBN:978-4-307-20496-5",2026-02-04
,,https://www.kanehara-shuppan.co.jp/books/search_list.html?d=08&c=01,,,,金原出版(規約),悪性軟部腫瘍取扱い規約　第4版,2026-02-04
,,https://www.kanehara-shuppan.co.jp/books/search_list.html?d=08&c=01,,,,金原出版(規約),"甲状腺癌取扱い規約　第9版


編集) 日本内分泌外科学会 / 日本甲状腺病理学会
ISBN:978-4-307-20466-8",2026-02-04
,,https://www.kanehara-shuppan.co.jp/books/search_list.html?d=08&c=01,,,,金原出版(規約),癌取扱い規約,2026-02-04
,,https://www.kanehara-shuppan.co.jp/books/search_list.html?d=08&c=01,,,,金原出版(規約),卵巣腫瘍・卵管癌・腹膜癌取扱い規約 病理編　第2版,2026-02-04
,,https://www.kanehara-shuppan.co.jp/books/search_list.html?d=08&c=01,,,,金原出版(規約),甲状腺癌取扱い規約　第9版,2026-02-04
,,https://www.kanehara-shuppan.co.jp/books/search_list.html?d=08&c=01,,,,金原出版(規約),"臨床・病理
胆道癌取扱い規約　第7版


編集) 日本肝胆膵外科学会
ISBN:978-4-307-20426-2",2026-02-04
,,https://www.kanehara-shuppan.co.jp/books/search_list.html?d=08&c=01,,,,金原出版(規約),診療ガイドライン,2026-02-04
,,https://www.kanehara-shuppan.co.jp/books/search_list.html?d=08&c=01,,,,金原出版(規約),"臨床・病理
原発性肝癌取扱い規約　第7版


編集) 日本肝癌研究会
ISBN:978-4-307-20495-8",2026-02-04
,,https://www.kanehara-shuppan.co.jp/books/search_list.html?d=08&c=01,,,,金原出版(規約),"卵巣腫瘍・卵管癌・腹膜癌取扱い規約　臨床編　第1版補訂版


編集) 日本産科婦人科学会 / 日本病理学会
ISBN:978-4-307-30154-1",2026-02-04
,,https://www.kanehara-shuppan.co.jp/books/search_list.html?d=08&c=01,,,,金原出版(規約),膵癌取扱い規約　第8版,2026-02-04
,,https://www.kanehara-shuppan.co.jp/books/search_list.html?d=08&c=01,,,,金原出版(規約),"臨床・病理
食道癌取扱い規約　第12版


編集) 日本食道学会
ISBN:978-4-307-20461-3",2026-02-04
,,https://www.kanehara-shuppan.co.jp/books/search_list.html?d=08&c=01,,,,金原出版(規約),"子宮体癌取扱い規約 病理編　第5版


編集) 日本産科婦人科学会 / 日本病理学会
ISBN:978-4-307-30151-0",2026-02-04
,,https://www.kanehara-shuppan.co.jp/books/search_list.html?d=08&c=01,,,,金原出版(規約),"肺癌・中皮腫瘍・頭頸部癌・甲状腺癌取扱い規約 抜粋　第5版


編集) 金原出版編集部
ISBN:978-4-307-20414-9",2026-02-04
,,https://www.kanehara-shuppan.co.jp/books/search_list.html?d=08&c=01,,,,金原出版(規約),"中皮腫瘍取扱い規約　第2版


編集) 日本石綿・中皮腫学会 / 日本肺癌学会
ISBN:978-4-307-20480-4",2026-02-04
,,https://www.kanehara-shuppan.co.jp/books/search_list.html?d=08&c=01,,,,金原出版(規約),"臨床・病理
乳癌取扱い規約　第19版",2026-02-04
,,https://www.kanehara-shuppan.co.jp/books/search_list.html?d=08&c=01,,,,金原出版(規約),"臨床・病理
食道癌取扱い規約　第12版",2026-02-04
,,https://www.kanehara-shuppan.co.jp/books/search_list.html?d=08&c=01,,,,金原出版(規約),子宮内膜症取扱い規約 第2部 診療編　第3版,2026-02-04
,,https://www.kanehara-shuppan.co.jp/_data/books/ky_new.pdf,,,,金原出版(規約PDF),"PDF更新情報: Mon, 02 Feb 2026 23:54:33 GMT",2026-02-04
,,https://www.kanehara-shuppan.co.jp/_data/books/gl_new.pdf,,,,金原出版(GL PDF),"PDF更新情報: Mon, 02 Feb 2026 23:54:31 GMT",2026-02-04
